Names,Dates
Integrations,Read this article and get to know two popular anti-detect browsers — GoLogin and AdsPower.
News,It's official — Oxylabs received ISO/IEC 27001 certification! Read our blog post to find out what it means for us and our customers.
Integrations,Read our comprehensive comparison between AdsPower and Multilogin to make the best choice for your individual needs.
Scrapers,Learn how to scrape Indeed easily with our Web Scraper API tool and this step-by-step guide.
News,See how Oxylabs solutions helped Hospitable deal with their everyday challenges more efficiently.
Scrapers,Learn to build a functional price scraper for the Target e-commerce store to access the freshest information about price drops and stay competitive.
News,"Price2Spy is a price monitoring tool for e-commerce businesses. By using Oxylabs’ Residential and Datacenter Proxies, they can reach any product pages while avoiding restrictions."
Tutorials,Check this tutorial and learn how to scrape Amazon product reviews by building a scraper or using an automated solution.
Integrations,"Incogniton and Multilogin are both anti-detect browsers. However, they differ across many parameters. Let’s figure out which one is more reliable."
Tutorials,"In this article, we explore C# and show how to build a real-life C# public web scraper."
News,"See how, with the help of Oxylabs Residential and Datacenter Proxies, Zulu5 brings top-tier advertising intelligence solutions to their customers."
Data acquisition,Learn how an antidetect browser helps with using several accounts for various digital initiatives.
Proxies,See a short overview of the market's most reliable proxy providers and find out what criteria to consider before making the final choice.
Tutorials,Check out this extensive technical tutorial to build your own Walmart price tracker with Python. Learn how to parse pricing data and create a price alert.
Tutorials,Find out how to track prices on Amazon – the largest online retailer in the world – using Python and Oxylabs’ E-Commerce Scraper API.
Tutorials,"In this quick start guide, you'll find information on SERP Scraper API. You'll learn how it works, its technical features, and how to get started with this data gathering tool."
Data acquisition,"Find out what is a headless browser, what software engineers use it for, and what browsers are most popular in a headless environment. What limitations do headless browsers have? We cover it here, too."
Tutorials,This quick start guide explains how the E-Commerce Scraper API works. We’ll also go through the process of getting started using this data gathering tool hassle-free.
Tutorials,"In this quick start guide, we introduce Web Scraper API and explain how it works. Explore integration methods, queries, their parameters, and response codes."
News,Don't miss out on the Black Hat Europe 2023 conference and see our Chief Commercial Officer Tomas Montvilas deliver an insightful presentation on the “Developing Effective Internal Threat Monitoring Systems” topic.
News,QL2 provides effective solutions for competitive pricing data. Oxylabs’ Datacenter Proxies help them collect relevant pricing and product data without ever interrupting the targets.
News,"Oxylabs' pro bono initiative ""Project 4β"" partnered with the University of Edinburgh Business School and delivered a guest lecture for MSc in Business Analytics students"
Tutorials,Dedicated Datacenter Proxies are the fastest and the most reliable type of proxies. Read this guide to learn how to start using them when obtained through the Sales Team.
Tutorials,"Read this quick guide to easily start using Dedicated Datacenter Proxies, purchased through the Oxylabs' dashboard."
News,An overview of how Oxylabs Residential Proxies enabled Affise’s marketing solution to improve efficiency.
Data acquisition,Read this article and discover the best platforms to learn web scraping online.
News,"Fizbot is a sales management platform for real estate agencies, providing a handful of efficient tools. Read this success story to learn how Oxylabs' Web Unblocker and Dedicated Datacenter Proxies helped Fizbot cut costs and improve efficiency."
Tutorials,Follow this guide to acquire public data from Google SERPs at scale.
Tutorials,Build an efficient Amazon scraper from scratch with the help of this step-by-step practical tutorial.
Data acquisition,Follow this tutorial and learn how to build a Wayfair price tracking system with Python and web scraping.
Tutorials,Read this article to learn how you can extract e-commerce data from product pages while avoiding any antibot protection or CAPTCHA without writing a complex script.
Tutorials,Real Estate Scraper API is a powerful tool for real estate real-time data collection at scale from almost any target. Learn how the tool works and jump straight to your first scraping task.
Tutorials,Keen to find out all things about Shared Datacenter Proxies? You’ve come to the right place. This quick start guide will provide all the information you need to get up and running. Let’s get started!
Tutorials,"See how you can scrape Google Images with this brief, step-by-step tutorial."
Tutorials,"Read this article to learn how to scrape dynamic web pages using different techniques, such as Selenium with Python or Scraper APIs."
Data acquisition,"To detect bot traffic, websites have created various bot detection techniques. Learn how websites detect and block bot traffic, and how it can affect businesses."
Tutorials,"Find out how to scrape Craigslist data using Oxylabs Craigslist API with this simple, step-by-step guide."
Tutorials,Learn how to effortlessly scrape movie data from IMDb and get the freshest industry insights by following this step-by-step guide.
News,"Crawly is a company that focuses on providing various web data gathering solutions. With Oxylabs' Datacenter Proxies, Crawly was able to crush their business goals: improve the response rate, deliver high-quality data, and boost their own revenue."
Product updates,A brand new free coordinate-level targeting feature is now available with Residential and Mobile Proxies. Check this blog post to learn more!
Tutorials,A step-by-step guide to extracting public data from Tripadvisor using Python and Oxylabs Tripadvisor Scraper API.
Tutorials,See a detailed yet straightforward tutorial on bypassing CAPTCHA with Selenium & Python and learn how to use Oxylabs’ Web Unblocker for increased scalability.
News,The Ethical Web Data Acquisition Initiative has launched its accreditation program that provides a stamp of approval for ethical web intelligence collection companies.
Tutorials,"Follow this tutorial to build a scalable price tracker with Python. Receive price change alerts, gather historical price change data, and more."
Data acquisition,"If CAPTCHAs keep on interrupting your day-to-day scraping tasks, read this article presenting solutions that can help you go around them successfully."
Tutorials,Curious to learn all about our Residential Proxies? This quick start guide will provide all the information you need to get up and running.
Data acquisition,Find out which is the best for you by reading this in-depth overview of top website testing tools and how they differ in usability and pricing.
Tutorials,"In this article, you will learn how to use the Java programming language for web scraping and create a web scraper using this language."
Data acquisition,Follow this in-depth tutorial for scraping dynamic websites with proxies and Scrapy Playwright.
